{"loss_train": 0.7179751430749893, "epoch": 19, "_timestamp": 1681133073.749994, "_runtime": 1897.4721620082855, "_step": 56, "acc_train": 75.03290094510328, "mIoU": 35.81900894641876}