{"loss_train": 0.6108579185903072, "epoch": 23, "_timestamp": 1681643315.7416282, "_runtime": 11645.26947927475, "_step": 68, "acc_train": 79.88521676306513, "mIoU": 42.77961850166321}