{"loss_train": 4.83633939743042, "epoch": 0, "_timestamp": 1680169869.7197475, "_runtime": 94.0419864654541, "_step": 1, "acc_train": 61.771821324318}