{"loss_train": 0.2555099225491285, "epoch": 130, "_timestamp": 1681590127.6232884, "_runtime": 76860.55956435204, "_step": 389, "acc_train": 91.17219908098387, "mIoU": 40.572744607925415}