{"loss_train": 1.3018581899404527, "epoch": 1, "_timestamp": 1683938804.883237, "_runtime": 425.3891108036041, "_step": 2, "acc_train": 58.95812710037584, "mIoU": 27.284246683120728, "_wandb": {"runtime": 817}}