{"mIoU": 30.246451497077942, "epoch": 2, "_timestamp": 1682066124.3581736, "_runtime": 375.5351836681366, "_step": 5}