{"mIoU": 32.18645751476288, "epoch": 6, "_timestamp": 1682126280.1560702, "_runtime": 2603.3461701869965, "_step": 17}