{"loss_train": 0.3378879392445087, "epoch": 52, "_timestamp": 1681443123.8521152, "_runtime": 12487.705362081528, "_step": 157, "acc_train": 88.65792648963605, "mIoU": 41.9282466173172}