{"loss_train": 0.6882796600461006, "epoch": 6, "_timestamp": 1680264109.81478, "_runtime": 645.646567106247, "_step": 19, "acc_train": 76.43700287869288, "mIoU": 41.65469408035278}