{"loss_train": 0.8414512410163879, "epoch": 10, "_timestamp": 1680612902.354025, "_runtime": 917.104984998703, "_step": 31, "acc_train": 71.53353692058892, "mIoU": 35.49127280712128}