{"loss_train": 0.81922232696414, "epoch": 51, "_timestamp": 1681882654.830136, "_runtime": 4520.0500609874725, "_step": 152, "acc_train": 73.49311092478221, "mIoU": 30.761826038360596}