{"loss_train": 1.2307685451507568, "epoch": 1, "_timestamp": 1683949252.877117, "_runtime": 449.2761399745941, "_step": 2, "acc_train": 61.637795761131386, "mIoU": 26.535743474960327, "_wandb": {"runtime": 784}}