{"loss_train": 0.18949952916800974, "epoch": 149, "_timestamp": 1681247278.9083724, "_runtime": 35608.143857479095, "_step": 446, "acc_train": 93.2716360630737, "mIoU": 43.01116764545441}