{"loss_train": 1.7918730303049089, "epoch": 0, "_timestamp": 1681805781.1572042, "_runtime": 210.1161482334137, "_step": 1, "acc_train": 40.32395997166807}