{"loss_train": 1.5873752418756486, "epoch": 0, "_timestamp": 1682453738.0080414, "_runtime": 369.9576382637024, "_step": 1, "acc_train": 48.75507924571806}