{"loss_train": 3.0526179552078245, "epoch": 6, "_timestamp": 1680262308.6427968, "_runtime": 639.648140668869, "_step": 17, "acc_train": 73.66137078960958, "mIoU": 37.095022201538086}