{"acc_train": 65.37009505967491, "epoch": 0, "_timestamp": 1682068019.1147492, "_runtime": 159.05715918540955, "_step": 1}