{"loss_train": 0.8225898213982582, "epoch": 11, "_timestamp": 1680639720.0057032, "_runtime": 1049.9567432403564, "_step": 34, "acc_train": 71.98422935892745, "mIoU": 34.46260690689087, "_wandb": {"runtime": 1292}}