{"loss_train": 2.8929043536186216, "epoch": 9, "_timestamp": 1680249435.5686324, "_runtime": 972.3852543830872, "_step": 28, "acc_train": 76.54300663953785, "mIoU": 39.58954215049744}