{"mIoU": 33.79919230937958, "epoch": 3, "_timestamp": 1682123300.5572348, "_runtime": 1343.9154558181763, "_step": 8}