{"loss_train": 2.8862777843475342, "epoch": 8, "_timestamp": 1680204170.3029895, "_runtime": 1006.9679434299469, "_step": 25, "acc_train": 76.88295449054384, "mIoU": 33.783820271492004}