{"loss_train": 3.171165732383728, "epoch": 4, "_timestamp": 1680205402.2829115, "_runtime": 342.8192825317383, "_step": 11, "acc_train": 72.1787014246803, "mIoU": 32.83998370170593}