{"loss_train": 1.1339090443849564, "epoch": 1, "_timestamp": 1681946867.5809083, "_runtime": 190.08931732177734, "_step": 2, "acc_train": 65.17336771791348, "mIoU": 27.028557658195496}