{"loss_train": 0.471872050344944, "epoch": 25, "_timestamp": 1681692461.799158, "_runtime": 13939.36215019226, "_step": 74, "acc_train": 84.13100860502266, "mIoU": 40.10803997516632}