{"loss_train": 0.6315056965351105, "epoch": 13, "_timestamp": 1681779669.8779047, "_runtime": 4230.19583773613, "_step": 38, "acc_train": 78.39037569543802, "mIoU": 40.92501401901245}