{"loss_train": 0.7872486424446106, "epoch": 6, "_timestamp": 1681763562.353669, "_runtime": 1161.9396460056305, "_step": 17, "acc_train": 73.49044851661596, "mIoU": 34.940606355667114, "_wandb": {"runtime": 1255}}