{"loss_train": 0.9687808125019074, "epoch": 6, "_timestamp": 1680527166.9015694, "_runtime": 487.23856830596924, "_step": 17, "acc_train": 67.55558217028117, "mIoU": 35.076287388801575}