{"mIoU": 28.545406460762024, "epoch": 1, "_timestamp": 1682067487.272459, "_runtime": 188.74183297157288, "_step": 2}