{"loss_train": 0.9088257312774658, "epoch": 8, "_timestamp": 1680525699.3700068, "_runtime": 785.7730937004089, "_step": 23, "acc_train": 69.5296691297521, "mIoU": 31.689009070396423, "_wandb": {"runtime": 1659}}