{"loss_train": 3.2804094996452333, "epoch": 3, "_timestamp": 1680172567.5862, "_runtime": 337.9494960308075, "_step": 8, "acc_train": 70.65161638382477, "mIoU": 32.5017124414444}