{"loss_train": 1.040800555229187, "epoch": 4, "_timestamp": 1680528344.7113295, "_runtime": 319.9767653942108, "_step": 11, "acc_train": 64.93551688307966, "mIoU": 30.59418797492981}