{"loss_train": 1.2638351550102234, "epoch": 0, "_timestamp": 1680265870.1205964, "_runtime": 1340.8888285160065, "_step": 1, "acc_train": 58.92959807994444}