{"loss_train": 0.8951553972363472, "epoch": 4, "_timestamp": 1680289001.26303, "_runtime": 230.89093494415283, "_step": 11, "acc_train": 69.56653371229268, "mIoU": 27.69792377948761}