{"loss_train": 1.5201068341732025, "epoch": 1, "_timestamp": 1681496357.9569142, "_runtime": 627.1960451602936, "_step": 2, "acc_train": 50.535376293606056, "mIoU": 24.38741773366928}