{"loss_train": 1.1307589033842087, "epoch": 1, "_timestamp": 1681137484.8308058, "_runtime": 775.6366267204285, "_step": 3, "acc_train": 61.9442183968047}