{"loss_train": 1.356992227911949, "epoch": 15, "_timestamp": 1682150457.9891057, "_runtime": 2581.5895347595215, "_step": 44, "acc_train": 58.766288434686075, "mIoU": 20.746853947639465}