{"loss_train": 0.7297778401970864, "epoch": 20, "_timestamp": 1680237822.9143953, "_runtime": 1332.0286374092102, "_step": 61, "acc_train": 76.27910769716748, "mIoU": 33.85111093521118}