{"loss_train": 0.9787777417898178, "epoch": 3, "_timestamp": 1683948517.1375136, "_runtime": 1382.5121207237244, "_step": 8, "acc_train": 68.55689004087877, "mIoU": 24.35736656188965, "_wandb": {"runtime": 1635}}