{"loss_train": 0.854832843720913, "epoch": 0, "_timestamp": 1681209695.768166, "_runtime": 1874.6765630245209, "_step": 1, "acc_train": 72.62769427782158}