{"loss_train": 1.2536978533267975, "epoch": 0, "_timestamp": 1680232163.033414, "_runtime": 501.5349659919739, "_step": 1, "acc_train": 61.346474839781536}