{"loss_train": 0.8935167543888092, "epoch": 8, "_timestamp": 1680529613.7356186, "_runtime": 632.5437595844269, "_step": 23, "acc_train": 69.73955632430543, "mIoU": 34.42775905132294, "_wandb": {"runtime": 1225}}