{"loss_train": 0.3278226936608553, "epoch": 110, "_timestamp": 1681376341.6236284, "_runtime": 25947.357174396515, "_step": 329, "acc_train": 88.60262303158453, "mIoU": 32.57547914981842}