{"loss_train": 0.922963995218277, "epoch": 7, "_timestamp": 1680611255.9887993, "_runtime": 582.9622912406921, "_step": 20, "acc_train": 68.65430935917983, "mIoU": 31.796500086784363}