{"loss_train": 0.7742671054005623, "epoch": 9, "_timestamp": 1680292217.872545, "_runtime": 814.4900600910187, "_step": 26, "acc_train": 73.32387101680023, "mIoU": 33.33972692489624}