{"loss_train": 0.14686428739875554, "epoch": 110, "_timestamp": 1681204448.1691816, "_runtime": 25953.232464551926, "_step": 329, "acc_train": 94.99458963265216, "mIoU": 43.46460998058319}