{"loss_train": 1.0419104577302933, "epoch": 4, "_timestamp": 1680321319.6692083, "_runtime": 6860.16273021698, "_step": 11, "acc_train": 65.00679819857429, "mIoU": 25.213029980659485}