{"loss_train": 0.7757473725676537, "epoch": 16, "_timestamp": 1680354288.1642215, "_runtime": 27394.908793449402, "_step": 47, "acc_train": 73.19340856055486, "mIoU": 36.107030510902405}