{"loss_train": 0.8986663402915, "epoch": 7, "_timestamp": 1680640587.5922115, "_runtime": 612.7319955825806, "_step": 20, "acc_train": 69.94841318749376, "mIoU": 34.26782190799713, "_wandb": {"runtime": 803}}