{"loss_train": 0.6246500416994095, "epoch": 12, "_timestamp": 1680592083.1564813, "_runtime": 1053.756310224533, "_step": 35, "acc_train": 78.4937841208982, "mIoU": 43.828949332237244}