{"loss_train": 1.2104646672010422, "epoch": 2, "_timestamp": 1680534024.8826475, "_runtime": 3528.4100065231323, "_step": 5, "acc_train": 59.22719856609792, "mIoU": 29.12367284297943}