{"mIoU": 26.55348777770996, "epoch": 2, "_timestamp": 1682127428.800885, "_runtime": 892.7013919353485, "_step": 5}