{"loss_train": 1.7444916603565217, "epoch": 0, "_timestamp": 1682454256.9895363, "_runtime": 467.4897072315216, "_step": 1, "acc_train": 43.95083278143616}