{"loss_train": 0.6550455909371377, "epoch": 13, "_timestamp": 1681733358.706363, "_runtime": 2816.0916879177094, "_step": 40, "acc_train": 77.37263726882091, "mIoU": 38.215282559394836}