{"loss_train": 0.7006141539216042, "epoch": 11, "_timestamp": 1683943670.4042518, "_runtime": 4421.33814573288, "_step": 32, "acc_train": 77.53331278979482, "mIoU": 35.37192642688751, "_wandb": {"runtime": 4598}}