{"loss_train": 0.42988255417346954, "epoch": 51, "_timestamp": 1681178317.7694962, "_runtime": 11317.450896263123, "_step": 152, "acc_train": 85.27355493098837, "mIoU": 27.69901156425476}