{"loss_train": 0.8425236513614655, "epoch": 10, "_timestamp": 1680610180.7543418, "_runtime": 862.3304908275604, "_step": 29, "acc_train": 71.51761951531678, "mIoU": 29.30799126625061}