{"loss_train": 1.4406804358959198, "epoch": 1, "_timestamp": 1681720209.3227007, "_runtime": 214.71893072128296, "_step": 2, "acc_train": 53.35079824026046, "mIoU": 27.884772419929504}