{"loss_train": 0.8761024329066277, "epoch": 7, "_timestamp": 1680294885.7387018, "_runtime": 839.3595309257507, "_step": 22, "acc_train": 70.29721139933339, "mIoU": 34.82099175453186, "_wandb": {"runtime": 2099}}