{"mIoU": 40.641552209854126, "epoch": 38, "_timestamp": 1682121668.245483, "_runtime": 16349.618041992188, "_step": 113}