{"loss_train": 0.3276013489961624, "epoch": 118, "_timestamp": 1681408466.9370632, "_runtime": 29091.239059209824, "_step": 353, "acc_train": 88.53256483390442, "mIoU": 33.663150668144226}