{"loss_train": 9.803713180541992, "epoch": 3, "_timestamp": 1683938266.1389887, "_runtime": 1197.0012686252594, "_step": 8, "acc_train": 65.92221950492535, "mIoU": 31.027576327323914, "_wandb": {"runtime": 1268}}