{"loss_train": 4.977028101921081, "epoch": 0, "_timestamp": 1680169700.5257614, "_runtime": 97.90154933929443, "_step": 1, "acc_train": 61.77215930064787}