{"loss_train": 0.8448236807584762, "epoch": 9, "_timestamp": 1681166706.9444883, "_runtime": 1082.4929873943329, "_step": 26, "acc_train": 71.34634158989924, "mIoU": 30.559855699539185, "_wandb": {"runtime": 1268}}