{"loss_train": 0.8100468150377274, "epoch": 5, "_timestamp": 1681721317.9653769, "_runtime": 947.3480958938599, "_step": 14, "acc_train": 73.08324890683818, "mIoU": 36.2399160861969}