{"loss_train": 0.9569431963562965, "epoch": 3, "_timestamp": 1681764733.3240802, "_runtime": 633.0404002666473, "_step": 8, "acc_train": 68.512726332804, "mIoU": 32.65472054481506}