{"loss_train": 0.9216644911766052, "epoch": 3, "_timestamp": 1681946428.846831, "_runtime": 571.252387046814, "_step": 8, "acc_train": 70.60297337890853, "mIoU": 31.31726086139679}