{"loss_train": 0.9195962849259377, "epoch": 6, "_timestamp": 1681138202.938684, "_runtime": 451.40224409103394, "_step": 13, "acc_train": 68.91863383702967}