{"loss_train": 0.6082236517071724, "epoch": 20, "_timestamp": 1681661825.269407, "_runtime": 10158.980965137482, "_step": 59, "acc_train": 79.98196499320832, "mIoU": 41.904133558273315}