{"loss_train": 1.0658082929849624, "epoch": 2, "_timestamp": 1680613309.9583378, "_runtime": 250.23471689224243, "_step": 7, "acc_train": 64.13643614210936, "mIoU": 31.33644461631775}