{"loss_train": 0.5215832637250424, "epoch": 32, "_timestamp": 1681429531.0204763, "_runtime": 7299.150907278061, "_step": 95, "acc_train": 82.28372086330242, "mIoU": 37.85722851753235}