{"acc_train": 86.36463274736609, "epoch": 80, "_timestamp": 1682105282.0575166, "_runtime": 34337.613389492035, "_step": 241}