{"loss_train": 1.2559783530235291, "epoch": 0, "_timestamp": 1680232763.1189806, "_runtime": 481.0904185771942, "_step": 1, "acc_train": 61.39609724291229}