{"mIoU": 38.14034163951874, "epoch": 5, "_timestamp": 1682070604.8565173, "_runtime": 1339.3192472457886, "_step": 14}