{"loss_train": 0.8457749228477478, "epoch": 11, "_timestamp": 1681127512.9229298, "_runtime": 240987.6660246849, "_step": 32, "acc_train": 71.7199920260246, "mIoU": 32.327258586883545, "_wandb": {"runtime": 241205}}