{"loss_train": 0.5372785849571228, "epoch": 34, "_timestamp": 1681452151.4484391, "_runtime": 8511.350890159607, "_step": 101, "acc_train": 81.90422779853226, "mIoU": 5.4769303649663925}