{"loss_train": 1.7246474611759186, "epoch": 0, "_timestamp": 1682428093.914403, "_runtime": 306.30638694763184, "_step": 1, "acc_train": 44.238618503058326}