{"loss_train": 2.9234563760757446, "epoch": 7, "_timestamp": 1680178703.731227, "_runtime": 845.9462888240814, "_step": 22, "acc_train": 76.38720562434511, "mIoU": 37.921908497810364, "_wandb": {"runtime": 848}}