{"loss_train": 0.5080056731104851, "epoch": 128, "_timestamp": 1681165469.626868, "_runtime": 26964.384617090225, "_step": 257, "acc_train": 81.67879803386072}