{"loss_train": 1.9190469086170197, "epoch": 4, "_timestamp": 1682456584.9849782, "_runtime": 819.2585391998291, "_step": 11, "acc_train": 32.018010368181066, "mIoU": 0.7829071022570133}