{"loss_train": 1.0421614042520524, "epoch": 2, "_timestamp": 1683946951.259987, "_runtime": 1011.859384059906, "_step": 5, "acc_train": 66.39349293603674, "mIoU": 30.402347445487976, "_wandb": {"runtime": 1087}}