{"loss_train": 1.028279921591282, "epoch": 43, "_timestamp": 1682146770.705584, "_runtime": 5177.063444137573, "_step": 128, "acc_train": 66.6597307994945, "mIoU": 26.58243477344513}