{"loss_train": 0.7942208183407784, "epoch": 8, "_timestamp": 1680240965.8123584, "_runtime": 702.5253303050995, "_step": 25, "acc_train": 72.66985029849228, "mIoU": 35.9024703502655}