{"loss_train": 0.8124859718680382, "epoch": 5, "_timestamp": 1681729416.5795941, "_runtime": 1019.1868362426758, "_step": 14, "acc_train": 72.68777778133116, "mIoU": 36.67135536670685, "_wandb": {"runtime": 1102}}