{"loss_train": 0.9734811949133872, "epoch": 5, "_timestamp": 1680363881.0765467, "_runtime": 8566.938545703888, "_step": 14, "acc_train": 67.18436356772739, "mIoU": 31.94909691810608}