{"loss_train": 0.6033793429732323, "epoch": 28, "_timestamp": 1681513023.1187742, "_runtime": 16215.600263118744, "_step": 83, "acc_train": 79.69262725722277, "mIoU": 30.28339147567749}