{"loss_train": 0.613600912630558, "epoch": 51, "_timestamp": 1681495418.9477572, "_runtime": 31075.428403139114, "_step": 152, "acc_train": 79.35327497669245, "mIoU": 2.3081382736563683}