{"loss_train": 0.41859443858265877, "epoch": 56, "_timestamp": 1681422094.0571718, "_runtime": 13352.747315883636, "_step": 167, "acc_train": 85.6432708497697, "mIoU": 23.470957577228546}