{"loss_train": 2.92292632484436, "epoch": 8, "_timestamp": 1680245342.3068771, "_runtime": 1518.6909501552582, "_step": 25, "acc_train": 76.14730779320917, "mIoU": 36.984506249427795}