{"loss_train": 0.6919978365898133, "epoch": 10, "_timestamp": 1681726801.9695952, "_runtime": 2030.1133511066437, "_step": 29, "acc_train": 76.32657253436038, "mIoU": 38.66218030452728}