{"loss_train": 1.5385366741418838, "epoch": 1, "_timestamp": 1680530402.8446622, "_runtime": 89.95195412635803, "_step": 2, "acc_train": 50.24211599221366, "mIoU": 27.226120233535767}