{"loss_train": 0.7767331812381745, "epoch": 14, "_timestamp": 1680642637.4537838, "_runtime": 1776.1215498447418, "_step": 43, "acc_train": 73.30642650483215, "mIoU": 36.48311495780945, "_wandb": {"runtime": 1896}}