{"loss_train": 1.3883155233860016, "epoch": 1, "_timestamp": 1681615978.4662652, "_runtime": 1025.7627003192902, "_step": 2, "acc_train": 55.76284903475901, "mIoU": 16.73363745212555}