{"loss_train": 1.2597175604104995, "epoch": 1, "_timestamp": 1680607596.2936063, "_runtime": 94.79384636878967, "_step": 2, "acc_train": 59.20953780367122, "mIoU": 30.829912424087524}