{"loss_train": 0.7847829444110394, "epoch": 46, "_timestamp": 1681875645.1536732, "_runtime": 2710.796152114868, "_step": 137, "acc_train": 74.56673987035194, "mIoU": 37.47572600841522, "_wandb": {"runtime": 2738}}