{"loss_train": 0.6988456824421883, "epoch": 29, "_timestamp": 1681631164.1529517, "_runtime": 14896.671432733536, "_step": 86, "acc_train": 77.27947648133697, "mIoU": 38.28314244747162}