{"acc_train": 64.83084773497717, "epoch": 0, "_timestamp": 1684211381.3602908, "_runtime": 587.752162694931, "_step": 1}