{"loss_train": 2.7670192103385927, "epoch": 16, "_timestamp": 1680177334.950869, "_runtime": 1893.0410940647125, "_step": 49, "acc_train": 78.23734755079738, "mIoU": 41.05187952518463}