{"loss_train": 1.001492287158966, "epoch": 2, "_timestamp": 1680242868.8719065, "_runtime": 236.58737659454346, "_step": 7, "acc_train": 65.94389147495923, "mIoU": 24.674995243549347}