{"loss_train": 0.8216805481910705, "epoch": 5, "_timestamp": 1681717018.7765057, "_runtime": 1009.4880557060242, "_step": 14, "acc_train": 72.76515983725477, "mIoU": 40.47616422176361}