{"loss_train": 0.843201121211052, "epoch": 6, "_timestamp": 1680242490.2993958, "_runtime": 547.8230707645416, "_step": 19, "acc_train": 71.07413018182758, "mIoU": 29.88416850566864}