{"loss_train": 0.6542985087633133, "epoch": 29, "_timestamp": 1680697966.1844647, "_runtime": 48784.531653642654, "_step": 88, "acc_train": 77.37150513672289, "mIoU": 39.89342153072357, "_wandb": {"runtime": 88305}}