{"loss_train": 0.6401743463873864, "epoch": 10, "_timestamp": 1680608759.098437, "_runtime": 1084.9374649524689, "_step": 29, "acc_train": 77.93826676229632, "mIoU": 36.59399151802063, "_wandb": {"runtime": 1281}}