{"loss_train": 0.9760935886502266, "epoch": 4, "_timestamp": 1683945611.2433572, "_runtime": 1618.8048281669617, "_step": 11, "acc_train": 68.52100142344781, "mIoU": 32.11877942085266, "_wandb": {"runtime": 1920}}