{"loss_train": 0.7680442158877849, "epoch": 7, "_timestamp": 1681695958.8778217, "_runtime": 1627.232837677002, "_step": 20, "acc_train": 74.24103809964431, "mIoU": 38.113972544670105}