{"loss_train": 1.6975412032604218, "epoch": 0, "_timestamp": 1682427542.4497108, "_runtime": 324.5300648212433, "_step": 1, "acc_train": 45.84437482397572}