{"loss_train": 1.6705379955768584, "epoch": 0, "_timestamp": 1682427187.0779326, "_runtime": 358.5191705226898, "_step": 1, "acc_train": 47.25055462101308}