{"loss_train": 9.387068945884705, "epoch": 2, "_timestamp": 1683950853.7677515, "_runtime": 1215.8455154895782, "_step": 7, "acc_train": 66.40928645447498, "mIoU": 23.680391907691956, "_wandb": {"runtime": 1237}}