{"loss_train": 2.8946043667793275, "epoch": 9, "_timestamp": 1680261239.624053, "_runtime": 1081.4680359363556, "_step": 28, "acc_train": 76.33922235633244, "mIoU": 38.805994391441345, "_wandb": {"runtime": 1499}}