{"loss_train": 0.9005658044815064, "epoch": 3, "_timestamp": 1681722421.7826967, "_runtime": 739.7230477333069, "_step": 10, "acc_train": 70.30357083075647, "mIoU": 33.26648473739624, "_wandb": {"runtime": 892}}