{"loss_train": 2.950433724403381, "epoch": 8, "_timestamp": 1680207137.576295, "_runtime": 872.0171649456024, "_step": 25, "acc_train": 75.65096893221848, "mIoU": 32.91044235229492}