{"loss_train": 0.8680281022191048, "epoch": 3, "_timestamp": 1683936662.3281178, "_runtime": 1194.601705789566, "_step": 8, "acc_train": 72.54841097237134, "mIoU": 32.729291915893555, "_wandb": {"runtime": 1409}}