{"loss_train": 1.4485220807790755, "epoch": 0, "_timestamp": 1681775879.0075743, "_runtime": 401.6837782859802, "_step": 1, "acc_train": 53.0578838234738, "_wandb": {"runtime": 406}}