{"loss_train": 0.5496459011733532, "epoch": 20, "_timestamp": 1680605706.8677652, "_runtime": 1906.992739200592, "_step": 61, "acc_train": 81.38209125862582, "mIoU": 44.555091857910156}