{"loss_train": 1.178187485218048, "epoch": 17, "_timestamp": 1682430035.6817625, "_runtime": 1717.2666234970093, "_step": 52, "acc_train": 61.69116316974581, "mIoU": 18.70919167995453}