{"loss_train": 0.8764350302815437, "epoch": 10, "_timestamp": 1680524328.391358, "_runtime": 771.7213039398193, "_step": 29, "acc_train": 70.21769383998988, "mIoU": 30.153265595436096}