{"loss_train": 0.9564342898726463, "epoch": 6, "_timestamp": 1680643484.1613061, "_runtime": 713.6647200584412, "_step": 17, "acc_train": 68.07220290684617, "mIoU": 33.050692081451416}