{"loss_train": 1.6316353409290314, "epoch": 1, "_timestamp": 1681463792.6698375, "_runtime": 812.9268484115601, "_step": 2, "acc_train": 46.986478405791196, "mIoU": 19.733619689941406}