{"loss_train": 0.5664449055790901, "epoch": 19, "_timestamp": 1680288383.221806, "_runtime": 22244.54004597664, "_step": 56, "acc_train": 80.6699888999215, "mIoU": 42.9356575012207}