{"loss_train": 0.6202717869877815, "epoch": 14, "_timestamp": 1680589874.3152845, "_runtime": 1283.7376964092255, "_step": 41, "acc_train": 78.86991750096658, "mIoU": 40.89574217796326}