{"loss_train": 3.32117501783371, "epoch": 2, "_timestamp": 1680205929.8770661, "_runtime": 321.07694911956787, "_step": 7, "acc_train": 69.88002536190878, "mIoU": 30.302274227142334}