{"loss_train": 0.9889854390025139, "epoch": 11, "_timestamp": 1681877529.5446076, "_runtime": 725.3324406147003, "_step": 34, "acc_train": 68.17710770613058, "mIoU": 27.328473329544067}