{"loss_train": 2.879720449924469, "epoch": 8, "_timestamp": 1680170784.1900477, "_runtime": 717.9205236434937, "_step": 23, "acc_train": 76.90027967963046, "mIoU": 35.23857295513153, "_wandb": {"runtime": 2108}}