{"loss_train": 0.9659124276638031, "epoch": 5, "_timestamp": 1680573707.5568194, "_runtime": 8687.906250476837, "_step": 14, "acc_train": 67.14151895619793, "mIoU": 32.1399062871933}