{"loss_train": 1.9099029443264008, "epoch": 0, "_timestamp": 1682147419.1600673, "_runtime": 387.22542428970337, "_step": 1, "acc_train": 38.92686196876247}