{"loss_train": 0.7497611023187637, "epoch": 7, "_timestamp": 1681724101.7133467, "_runtime": 1515.8748257160187, "_step": 20, "acc_train": 74.55260138471614, "mIoU": 37.60283887386322}