{"loss_train": 0.9230960874557496, "epoch": 7, "_timestamp": 1680614546.5849242, "_runtime": 686.3761332035065, "_step": 22, "acc_train": 68.99670104618937, "mIoU": 34.24677848815918}