{"acc_train": 64.1834229553846, "epoch": 0, "_timestamp": 1684212235.9542189, "_runtime": 576.0955018997192, "_step": 1}